timestamp,regiao,consumo,capacidade_disponivel,prioridade,custo
0,Norte,223.21,908.3,4,0.997
0,Nordeste,114.25,378.29,5,0.89
0,Centro-Oeste,296.91,757.83,2,0.987
0,Sudeste,289.99,810.66,5,0.851
0,Sul,104.7,384.21,1,0.95
1,Norte,237.3,908.3,4,0.748
1,Nordeste,135.13,378.29,5,1.034
1,Centro-Oeste,229.68,757.83,2,0.72
1,Sudeste,254.26,810.66,5,0.569
1,Sul,122.48,384.21,1,0.67
2,Norte,336.84,908.3,4,0.51
2,Nordeste,127.36,378.29,5,0.859
2,Centro-Oeste,248.85,757.83,2,1.066
2,Sudeste,369.97,810.66,5,0.822
2,Sul,124.18,384.21,1,0.587
3,Norte,354.34,908.3,4,0.983
3,Nordeste,160.86,378.29,5,0.913
3,Centro-Oeste,293.8,757.83,2,1.121
3,Sudeste,400.78,810.66,5,1.196
3,Sul,281.19,384.21,1,1.331
4,Norte,396.71,908.3,4,0.816
4,Nordeste,164.25,378.29,5,0.663
4,Centro-Oeste,580.63,757.83,2,1.005
4,Sudeste,462.3,810.66,5,0.792
4,Sul,169.51,384.21,1,0.666
5,Norte,418.22,908.3,4,0.647
5,Nordeste,199.62,378.29,5,0.572
5,Centro-Oeste,519.02,757.83,2,1.189
5,Sudeste,453.92,810.66,5,1.124
5,Sul,241.93,384.21,1,0.979
6,Norte,561.64,908.3,4,0.81
6,Nordeste,221.52,378.29,5,1.1
6,Centro-Oeste,509.76,757.83,2,0.666
6,Sudeste,564.17,810.66,5,1.096
6,Sul,206.38,384.21,1,0.562
7,Norte,651.51,908.3,4,0.519
7,Nordeste,267.19,378.29,5,0.991
7,Centro-Oeste,543.77,757.83,2,0.461
7,Sudeste,693.03,810.66,5,0.63
7,Sul,265.49,384.21,1,0.424
8,Norte,589.3,908.3,4,0.778
8,Nordeste,263.69,378.29,5,1.095
8,Centro-Oeste,731.81,757.83,2,1.147
8,Sudeste,702.01,810.66,5,1.167
8,Sul,308.12,384.21,1,0.775
9,Norte,723.02,908.3,4,0.521
9,Nordeste,258.85,378.29,5,0.968
9,Centro-Oeste,785.4,757.83,2,0.891
9,Sudeste,802.5,810.66,5,1.136
9,Sul,300.45,384.21,1,0.406
10,Norte,712.84,908.3,4,1.134
10,Nordeste,292.73,378.29,5,0.536
10,Centro-Oeste,618.52,757.83,2,0.98
10,Sudeste,771.38,810.66,5,0.897
10,Sul,361.71,384.21,1,1.063
11,Norte,873.78,908.3,4,0.765
11,Nordeste,353.93,378.29,5,0.811
11,Centro-Oeste,862.24,757.83,2,1.074
11,Sudeste,688.54,810.66,5,0.481
11,Sul,309.59,384.21,1,1.102
12,Norte,757.53,908.3,4,0.548
12,Nordeste,389.94,378.29,5,1.034
12,Centro-Oeste,789.6,757.83,2,0.474
12,Sudeste,875.46,810.66,5,0.475
12,Sul,361.74,384.21,1,0.986
13,Norte,733.68,908.3,4,0.786
13,Nordeste,377.62,378.29,5,1.14
13,Centro-Oeste,888.94,757.83,2,0.964
13,Sudeste,864.99,810.66,5,0.508
13,Sul,359.78,384.21,1,0.482
14,Norte,875.14,908.3,4,0.838
14,Nordeste,370.84,378.29,5,0.807
14,Centro-Oeste,675.42,757.83,2,0.847
14,Sudeste,756.51,810.66,5,0.564
14,Sul,403.57,384.21,1,0.864
15,Norte,747.91,908.3,4,1.051
15,Nordeste,350.52,378.29,5,1.124
15,Centro-Oeste,631.53,757.83,2,1.105
15,Sudeste,677.49,810.66,5,0.86
15,Sul,363.13,384.21,1,0.778
16,Norte,588.03,908.3,4,0.53
16,Nordeste,275.84,378.29,5,1.02
16,Centro-Oeste,599.22,757.83,2,0.636
16,Sudeste,794.8,810.66,5,0.44
16,Sul,346.67,384.21,1,0.758
17,Norte,498.88,908.3,4,0.721
17,Nordeste,233.36,378.29,5,0.779
17,Centro-Oeste,576.79,757.83,2,0.499
17,Sudeste,883.18,810.66,5,1.198
17,Sul,286.36,384.21,1,1.02
18,Norte,514.06,908.3,4,0.902
18,Nordeste,245.92,378.29,5,0.98
18,Centro-Oeste,566.2,757.83,2,0.736
18,Sudeste,554.01,810.66,5,0.634
18,Sul,232.74,384.21,1,0.823
19,Norte,491.75,908.3,4,0.889
19,Nordeste,232.05,378.29,5,0.87
19,Centro-Oeste,398.82,757.83,2,0.513
19,Sudeste,785.87,810.66,5,1.105
19,Sul,187.89,384.21,1,0.813
20,Norte,343.48,908.3,4,0.712
20,Nordeste,184.71,378.29,5,1.165
20,Centro-Oeste,330.78,757.83,2,1.179
20,Sudeste,472.79,810.66,5,0.654
20,Sul,169.52,384.21,1,0.507
21,Norte,381.36,908.3,4,0.989
21,Nordeste,148.05,378.29,5,0.751
21,Centro-Oeste,369.85,757.83,2,0.773
21,Sudeste,373.25,810.66,5,0.514
21,Sul,176.05,384.21,1,0.617
22,Norte,280.22,908.3,4,0.575
22,Nordeste,144.29,378.29,5,0.623
22,Centro-Oeste,285.01,757.83,2,1.028
22,Sudeste,270.0,810.66,5,0.79
22,Sul,120.05,384.21,1,0.733
23,Norte,258.12,908.3,4,0.858
23,Nordeste,133.87,378.29,5,0.863
23,Centro-Oeste,279.09,757.83,2,0.757
23,Sudeste,284.0,810.66,5,1.064
23,Sul,196.24,384.21,1,0.694
24,Norte,247.21,908.3,4,0.839
24,Nordeste,129.38,378.29,5,0.544
24,Centro-Oeste,282.48,757.83,2,0.544
24,Sudeste,291.48,810.66,5,0.994
24,Sul,112.9,384.21,1,0.908
25,Norte,238.95,908.3,4,0.558
25,Nordeste,113.35,378.29,5,1.116
25,Centro-Oeste,293.0,757.83,2,0.874
25,Sudeste,255.03,810.66,5,0.507
25,Sul,128.89,384.21,1,0.642
26,Norte,272.16,908.3,4,1.073
26,Nordeste,130.89,378.29,5,0.471
26,Centro-Oeste,307.95,757.83,2,0.969
26,Sudeste,277.8,810.66,5,1.062
26,Sul,155.94,384.21,1,0.781
27,Norte,315.41,908.3,4,0.823
27,Nordeste,153.89,378.29,5,0.728
27,Centro-Oeste,365.22,757.83,2,1.172
27,Sudeste,383.41,810.66,5,1.095
27,Sul,136.81,384.21,1,0.588
28,Norte,434.43,908.3,4,1.178
28,Nordeste,167.5,378.29,5,1.13
28,Centro-Oeste,325.25,757.83,2,0.875
28,Sudeste,382.56,810.66,5,0.57
28,Sul,176.69,384.21,1,0.579
29,Norte,515.35,908.3,4,0.928
29,Nordeste,168.79,378.29,5,0.798
29,Centro-Oeste,459.46,757.83,2,0.401
29,Sudeste,492.11,810.66,5,0.677
29,Sul,240.65,384.21,1,0.991
30,Norte,526.19,908.3,4,0.875
30,Nordeste,247.29,378.29,5,1.112
30,Centro-Oeste,494.62,757.83,2,0.708
30,Sudeste,491.12,810.66,5,0.753
30,Sul,212.17,384.21,1,0.883
31,Norte,585.35,908.3,4,0.782
31,Nordeste,252.82,378.29,5,0.434
31,Centro-Oeste,681.18,757.83,2,0.56
31,Sudeste,672.52,810.66,5,0.774
31,Sul,253.74,384.21,1,0.823
32,Norte,573.01,908.3,4,0.795
32,Nordeste,272.04,378.29,5,0.683
32,Centro-Oeste,661.07,757.83,2,0.741
32,Sudeste,662.49,810.66,5,0.411
32,Sul,307.9,384.21,1,1.079
33,Norte,996.56,908.3,4,0.945
33,Nordeste,286.51,378.29,5,0.91
33,Centro-Oeste,802.5,757.83,2,1.072
33,Sudeste,699.65,810.66,5,1.052
33,Sul,302.92,384.21,1,0.484
34,Norte,768.15,908.3,4,0.402
34,Nordeste,367.7,378.29,5,0.696
34,Centro-Oeste,850.45,757.83,2,0.973
34,Sudeste,910.07,810.66,5,0.975
34,Sul,380.13,384.21,1,0.624
35,Norte,921.84,908.3,4,0.585
35,Nordeste,377.2,378.29,5,0.955
35,Centro-Oeste,827.45,757.83,2,1.13
35,Sudeste,776.65,810.66,5,0.667
35,Sul,364.28,384.21,1,0.438
36,Norte,841.6,908.3,4,0.708
36,Nordeste,329.73,378.29,5,0.861
36,Centro-Oeste,832.53,757.83,2,1.042
36,Sudeste,969.03,810.66,5,0.858
36,Sul,328.5,384.21,1,0.814
37,Norte,875.46,908.3,4,0.485
37,Nordeste,296.1,378.29,5,0.604
37,Centro-Oeste,865.48,757.83,2,0.898
37,Sudeste,916.64,810.66,5,0.488
37,Sul,319.95,384.21,1,0.857
38,Norte,865.7,908.3,4,0.868
38,Nordeste,291.43,378.29,5,0.945
38,Centro-Oeste,1377.32,757.83,2,1.393
38,Sudeste,848.75,810.66,5,0.962
38,Sul,302.44,384.21,1,0.857
39,Norte,967.75,908.3,4,1.313
39,Nordeste,337.46,378.29,5,0.893
39,Centro-Oeste,1200.83,757.83,2,0.6
39,Sudeste,797.2,810.66,5,1.19
39,Sul,322.28,384.21,1,0.697
40,Norte,654.64,908.3,4,1.169
40,Nordeste,282.66,378.29,5,1.067
40,Centro-Oeste,556.7,757.83,2,0.494
40,Sudeste,746.77,810.66,5,0.51
40,Sul,292.48,384.21,1,0.69
41,Norte,584.4,908.3,4,0.877
41,Nordeste,251.5,378.29,5,1.175
41,Centro-Oeste,498.13,757.83,2,0.639
41,Sudeste,671.72,810.66,5,0.862
41,Sul,272.06,384.21,1,0.625
42,Norte,489.7,908.3,4,0.771
42,Nordeste,265.07,378.29,5,0.775
42,Centro-Oeste,462.71,757.83,2,1.017
42,Sudeste,569.26,810.66,5,0.494
42,Sul,255.73,384.21,1,0.895
43,Norte,444.64,908.3,4,0.418
43,Nordeste,223.41,378.29,5,0.767
43,Centro-Oeste,484.78,757.83,2,1.036
43,Sudeste,464.47,810.66,5,0.938
43,Sul,195.71,384.21,1,0.674
44,Norte,464.1,908.3,4,1.044
44,Nordeste,157.12,378.29,5,1.048
44,Centro-Oeste,413.33,757.83,2,0.998
44,Sudeste,348.26,810.66,5,0.827
44,Sul,201.43,384.21,1,0.429
45,Norte,371.8,908.3,4,1.007
45,Nordeste,148.04,378.29,5,0.473
45,Centro-Oeste,323.07,757.83,2,0.577
45,Sudeste,316.37,810.66,5,0.721
45,Sul,131.68,384.21,1,0.82
46,Norte,257.23,908.3,4,1.018
46,Nordeste,111.28,378.29,5,0.61
46,Centro-Oeste,278.9,757.83,2,0.572
46,Sudeste,273.51,810.66,5,0.872
46,Sul,125.93,384.21,1,0.671
47,Norte,251.56,908.3,4,0.634
47,Nordeste,116.28,378.29,5,1.115
47,Centro-Oeste,283.79,757.83,2,0.612
47,Sudeste,257.15,810.66,5,0.713
47,Sul,127.25,384.21,1,0.673
48,Norte,231.41,908.3,4,0.579
48,Nordeste,118.55,378.29,5,1.007
48,Centro-Oeste,247.04,757.83,2,0.594
48,Sudeste,288.79,810.66,5,0.648
48,Sul,130.87,384.21,1,0.639
49,Norte,279.09,908.3,4,0.535
49,Nordeste,137.7,378.29,5,0.701
49,Centro-Oeste,245.01,757.83,2,0.47
49,Sudeste,315.6,810.66,5,0.46
49,Sul,134.7,384.21,1,0.508
50,Norte,342.42,908.3,4,0.562
50,Nordeste,114.85,378.29,5,0.926
50,Centro-Oeste,320.57,757.83,2,0.905
50,Sudeste,354.05,810.66,5,0.971
50,Sul,150.75,384.21,1,0.995
51,Norte,336.42,908.3,4,0.483
51,Nordeste,136.53,378.29,5,0.857
51,Centro-Oeste,385.56,757.83,2,0.933
51,Sudeste,319.67,810.66,5,0.83
51,Sul,182.9,384.21,1,0.853
52,Norte,430.22,908.3,4,1.038
52,Nordeste,159.33,378.29,5,0.549
52,Centro-Oeste,417.01,757.83,2,0.66
52,Sudeste,392.45,810.66,5,1.036
52,Sul,206.87,384.21,1,0.48
53,Norte,392.33,908.3,4,0.512
53,Nordeste,217.29,378.29,5,0.495
53,Centro-Oeste,375.55,757.83,2,0.858
53,Sudeste,455.15,810.66,5,0.486
53,Sul,240.34,384.21,1,0.915
54,Norte,553.44,908.3,4,0.715
54,Nordeste,243.36,378.29,5,1.062
54,Centro-Oeste,523.29,757.83,2,0.586
54,Sudeste,639.86,810.66,5,0.892
54,Sul,205.28,384.21,1,0.628
55,Norte,665.18,908.3,4,0.844
55,Nordeste,301.39,378.29,5,1.19
55,Centro-Oeste,630.61,757.83,2,1.005
55,Sudeste,585.5,810.66,5,0.52
55,Sul,245.25,384.21,1,0.513
56,Norte,708.69,908.3,4,0.85
56,Nordeste,253.93,378.29,5,0.454
56,Centro-Oeste,890.5,757.83,2,0.997
56,Sudeste,776.42,810.66,5,0.87
56,Sul,269.34,384.21,1,1.108
57,Norte,732.24,908.3,4,0.92
57,Nordeste,322.46,378.29,5,1.01
57,Centro-Oeste,764.54,757.83,2,0.499
57,Sudeste,667.91,810.66,5,0.526
57,Sul,367.52,384.21,1,1.014
58,Norte,660.59,908.3,4,0.944
58,Nordeste,275.42,378.29,5,0.981
58,Centro-Oeste,738.86,757.83,2,0.726
58,Sudeste,770.83,810.66,5,0.971
58,Sul,325.11,384.21,1,1.076
59,Norte,847.53,908.3,4,0.409
59,Nordeste,289.63,378.29,5,0.471
59,Centro-Oeste,787.54,757.83,2,0.533
59,Sudeste,1237.98,810.66,5,0.526
59,Sul,350.39,384.21,1,1.105
60,Norte,747.4,908.3,4,1.04
60,Nordeste,367.78,378.29,5,0.638
60,Centro-Oeste,868.49,757.83,2,0.988
60,Sudeste,891.03,810.66,5,0.881
60,Sul,363.69,384.21,1,0.988
61,Norte,800.26,908.3,4,0.758
61,Nordeste,305.5,378.29,5,0.736
61,Centro-Oeste,680.42,757.83,2,1.086
61,Sudeste,845.99,810.66,5,0.93
61,Sul,324.35,384.21,1,0.61
62,Norte,775.05,908.3,4,1.064
62,Nordeste,379.47,378.29,5,0.405
62,Centro-Oeste,728.14,757.83,2,1.148
62,Sudeste,784.16,810.66,5,0.717
62,Sul,394.76,384.21,1,0.929
63,Norte,751.69,908.3,4,1.004
63,Nordeste,355.02,378.29,5,0.694
63,Centro-Oeste,730.58,757.83,2,0.748
63,Sudeste,796.66,810.66,5,1.128
63,Sul,319.72,384.21,1,0.416
64,Norte,713.27,908.3,4,0.765
64,Nordeste,246.83,378.29,5,0.448
64,Centro-Oeste,723.02,757.83,2,0.536
64,Sudeste,672.19,810.66,5,1.013
64,Sul,312.69,384.21,1,0.941
65,Norte,530.39,908.3,4,1.028
65,Nordeste,278.29,378.29,5,1.142
65,Centro-Oeste,636.82,757.83,2,0.442
65,Sudeste,595.87,810.66,5,0.773
65,Sul,280.89,384.21,1,1.127
66,Norte,464.11,908.3,4,0.974
66,Nordeste,208.62,378.29,5,0.675
66,Centro-Oeste,535.24,757.83,2,0.469
66,Sudeste,551.22,810.66,5,1.155
66,Sul,222.48,384.21,1,0.672
67,Norte,421.41,908.3,4,0.963
67,Nordeste,178.2,378.29,5,1.015
67,Centro-Oeste,425.64,757.83,2,0.492
67,Sudeste,487.77,810.66,5,0.454
67,Sul,240.89,384.21,1,1.144
68,Norte,426.68,908.3,4,0.515
68,Nordeste,155.52,378.29,5,0.877
68,Centro-Oeste,377.52,757.83,2,0.44
68,Sudeste,470.86,810.66,5,1.099
68,Sul,184.03,384.21,1,0.777
69,Norte,402.12,908.3,4,0.874
69,Nordeste,147.1,378.29,5,0.843
69,Centro-Oeste,333.59,757.83,2,1.015
69,Sudeste,366.47,810.66,5,0.55
69,Sul,152.79,384.21,1,1.126
70,Norte,316.89,908.3,4,0.467
70,Nordeste,125.34,378.29,5,0.717
70,Centro-Oeste,341.5,757.83,2,0.713
70,Sudeste,309.7,810.66,5,0.517
70,Sul,143.34,384.21,1,1.046
71,Norte,264.36,908.3,4,0.654
71,Nordeste,125.89,378.29,5,1.163
71,Centro-Oeste,258.89,757.83,2,0.695
71,Sudeste,242.27,810.66,5,0.864
71,Sul,146.56,384.21,1,0.648
72,Norte,249.88,908.3,4,1.136
72,Nordeste,103.61,378.29,5,0.858
72,Centro-Oeste,257.0,757.83,2,0.659
72,Sudeste,308.19,810.66,5,0.919
72,Sul,100.94,384.21,1,0.799
73,Norte,284.48,908.3,4,0.883
73,Nordeste,101.58,378.29,5,1.185
73,Centro-Oeste,289.13,757.83,2,0.56
73,Sudeste,247.63,810.66,5,0.503
73,Sul,131.97,384.21,1,0.42
74,Norte,349.9,908.3,4,0.693
74,Nordeste,144.62,378.29,5,0.522
74,Centro-Oeste,289.55,757.83,2,0.969
74,Sudeste,458.76,810.66,5,0.972
74,Sul,120.79,384.21,1,1.191
75,Norte,311.74,908.3,4,1.029
75,Nordeste,164.66,378.29,5,0.864
75,Centro-Oeste,366.95,757.83,2,0.564
75,Sudeste,411.69,810.66,5,0.884
75,Sul,145.02,384.21,1,0.941
76,Norte,402.68,908.3,4,0.7
76,Nordeste,190.6,378.29,5,1.125
76,Centro-Oeste,369.74,757.83,2,0.468
76,Sudeste,471.96,810.66,5,0.647
76,Sul,173.73,384.21,1,0.45
77,Norte,464.82,908.3,4,0.758
77,Nordeste,177.32,378.29,5,1.083
77,Centro-Oeste,443.72,757.83,2,0.815
77,Sudeste,536.36,810.66,5,0.685
77,Sul,286.85,384.21,1,1.056
78,Norte,578.86,908.3,4,1.002
78,Nordeste,199.4,378.29,5,0.504
78,Centro-Oeste,578.21,757.83,2,0.468
78,Sudeste,531.22,810.66,5,0.806
78,Sul,230.41,384.21,1,0.792
79,Norte,612.15,908.3,4,0.793
79,Nordeste,281.73,378.29,5,0.946
79,Centro-Oeste,484.04,757.83,2,0.478
79,Sudeste,673.32,810.66,5,1.066
79,Sul,238.2,384.21,1,0.886
80,Norte,745.32,908.3,4,0.958
80,Nordeste,291.39,378.29,5,1.07
80,Centro-Oeste,708.22,757.83,2,0.483
80,Sudeste,786.43,810.66,5,1.123
80,Sul,337.12,384.21,1,0.441
81,Norte,783.74,908.3,4,0.86
81,Nordeste,345.72,378.29,5,1.07
81,Centro-Oeste,689.52,757.83,2,0.774
81,Sudeste,872.57,810.66,5,0.51
81,Sul,301.44,384.21,1,1.077
82,Norte,685.54,908.3,4,0.537
82,Nordeste,294.09,378.29,5,0.536
82,Centro-Oeste,819.22,757.83,2,1.024
82,Sudeste,682.95,810.66,5,0.982
82,Sul,313.55,384.21,1,0.706
83,Norte,876.82,908.3,4,0.429
83,Nordeste,290.38,378.29,5,0.468
83,Centro-Oeste,667.26,757.83,2,0.49
83,Sudeste,920.02,810.66,5,0.754
83,Sul,310.03,384.21,1,0.889
84,Norte,844.27,908.3,4,0.595
84,Nordeste,380.13,378.29,5,0.683
84,Centro-Oeste,770.22,757.83,2,1.067
84,Sudeste,732.29,810.66,5,0.944
84,Sul,407.1,384.21,1,0.645
85,Norte,859.13,908.3,4,1.003
85,Nordeste,348.23,378.29,5,0.554
85,Centro-Oeste,689.8,757.83,2,0.533
85,Sudeste,902.94,810.66,5,0.484
85,Sul,494.9,384.21,1,1.096
86,Norte,867.37,908.3,4,0.797
86,Nordeste,373.95,378.29,5,1.166
86,Centro-Oeste,800.68,757.83,2,1.06
86,Sudeste,686.34,810.66,5,0.735
86,Sul,395.3,384.21,1,1.001
87,Norte,753.96,908.3,4,0.474
87,Nordeste,278.02,378.29,5,1.03
87,Centro-Oeste,652.75,757.83,2,0.774
87,Sudeste,777.06,810.66,5,0.882
87,Sul,337.12,384.21,1,0.844
88,Norte,760.67,908.3,4,1.0
88,Nordeste,315.53,378.29,5,0.672
88,Centro-Oeste,700.97,757.83,2,0.809
88,Sudeste,779.0,810.66,5,0.572
88,Sul,320.64,384.21,1,0.457
89,Norte,506.91,908.3,4,0.885
89,Nordeste,284.78,378.29,5,0.688
89,Centro-Oeste,485.16,757.83,2,0.507
89,Sudeste,707.0,810.66,5,0.527
89,Sul,283.67,384.21,1,0.413
90,Norte,581.59,908.3,4,0.798
90,Nordeste,211.1,378.29,5,0.61
90,Centro-Oeste,554.71,757.83,2,0.492
90,Sudeste,537.21,810.66,5,0.849
90,Sul,258.63,384.21,1,0.517
91,Norte,518.29,908.3,4,1.079
91,Nordeste,215.28,378.29,5,1.117
91,Centro-Oeste,464.24,757.83,2,0.948
91,Sudeste,529.52,810.66,5,0.672
91,Sul,199.56,384.21,1,1.197
92,Norte,385.96,908.3,4,0.596
92,Nordeste,158.91,378.29,5,1.181
92,Centro-Oeste,414.66,757.83,2,0.776
92,Sudeste,384.74,810.66,5,0.539
92,Sul,157.64,384.21,1,0.657
93,Norte,366.87,908.3,4,0.63
93,Nordeste,258.79,378.29,5,0.869
93,Centro-Oeste,390.16,757.83,2,0.907
93,Sudeste,319.68,810.66,5,0.948
93,Sul,141.77,384.21,1,0.762
94,Norte,268.44,908.3,4,0.649
94,Nordeste,131.46,378.29,5,0.531
94,Centro-Oeste,245.93,757.83,2,0.411
94,Sudeste,353.55,810.66,5,0.805
94,Sul,147.44,384.21,1,1.076
95,Norte,284.68,908.3,4,1.062
95,Nordeste,110.26,378.29,5,0.861
95,Centro-Oeste,266.12,757.83,2,0.855
95,Sudeste,321.85,810.66,5,0.572
95,Sul,207.71,384.21,1,0.527
96,Norte,278.92,908.3,4,0.64
96,Nordeste,100.17,378.29,5,0.989
96,Centro-Oeste,224.71,757.83,2,1.056
96,Sudeste,240.05,810.66,5,0.636
96,Sul,133.15,384.21,1,0.699
97,Norte,314.84,908.3,4,0.604
97,Nordeste,121.38,378.29,5,0.757
97,Centro-Oeste,292.44,757.83,2,0.485
97,Sudeste,245.08,810.66,5,0.629
97,Sul,118.8,384.21,1,0.792
98,Norte,299.57,908.3,4,0.784
98,Nordeste,149.91,378.29,5,0.453
98,Centro-Oeste,545.66,757.83,2,1.335
98,Sudeste,331.08,810.66,5,0.886
98,Sul,151.19,384.21,1,0.452
99,Norte,329.7,908.3,4,0.727
99,Nordeste,163.25,378.29,5,1.086
99,Centro-Oeste,390.33,757.83,2,0.598
99,Sudeste,317.21,810.66,5,0.961
99,Sul,245.15,384.21,1,0.665
100,Norte,449.11,908.3,4,0.829
100,Nordeste,165.19,378.29,5,0.802
100,Centro-Oeste,397.15,757.83,2,0.723
100,Sudeste,376.15,810.66,5,0.731
100,Sul,197.91,384.21,1,0.445
101,Norte,434.62,908.3,4,0.967
101,Nordeste,202.28,378.29,5,0.953
101,Centro-Oeste,799.37,757.83,2,1.398
101,Sudeste,409.16,810.66,5,0.584
101,Sul,228.61,384.21,1,0.528
102,Norte,584.66,908.3,4,0.459
102,Nordeste,247.5,378.29,5,0.64
102,Centro-Oeste,450.55,757.83,2,0.979
102,Sudeste,642.85,810.66,5,0.887
102,Sul,270.28,384.21,1,0.892
103,Norte,629.48,908.3,4,0.712
103,Nordeste,282.76,378.29,5,0.669
103,Centro-Oeste,501.98,757.83,2,0.46
103,Sudeste,644.36,810.66,5,0.762
103,Sul,241.69,384.21,1,0.546
104,Norte,558.78,908.3,4,0.841
104,Nordeste,310.24,378.29,5,0.823
104,Centro-Oeste,743.32,757.83,2,0.802
104,Sudeste,788.06,810.66,5,1.164
104,Sul,315.22,384.21,1,0.612
105,Norte,823.96,908.3,4,1.113
105,Nordeste,257.94,378.29,5,0.872
105,Centro-Oeste,1288.57,757.83,2,0.907
105,Sudeste,808.05,810.66,5,0.584
105,Sul,279.29,384.21,1,0.83
106,Norte,654.69,908.3,4,0.76
106,Nordeste,288.9,378.29,5,0.631
106,Centro-Oeste,760.64,757.83,2,0.966
106,Sudeste,1332.63,810.66,5,1.321
106,Sul,398.81,384.21,1,1.179
107,Norte,823.26,908.3,4,1.183
107,Nordeste,394.63,378.29,5,0.432
107,Centro-Oeste,739.48,757.83,2,1.043
107,Sudeste,913.13,810.66,5,0.456
107,Sul,365.25,384.21,1,1.091
108,Norte,846.29,908.3,4,0.425
108,Nordeste,361.44,378.29,5,0.707
108,Centro-Oeste,820.51,757.83,2,0.661
108,Sudeste,836.18,810.66,5,0.572
108,Sul,321.67,384.21,1,0.78
109,Norte,899.06,908.3,4,0.543
109,Nordeste,320.86,378.29,5,0.639
109,Centro-Oeste,656.62,757.83,2,0.49
109,Sudeste,741.96,810.66,5,1.18
109,Sul,336.79,384.21,1,0.991
110,Norte,799.76,908.3,4,0.741
110,Nordeste,373.2,378.29,5,0.807
110,Centro-Oeste,643.51,757.83,2,0.925
110,Sudeste,746.65,810.66,5,1.092
110,Sul,361.81,384.21,1,1.124
111,Norte,680.87,908.3,4,0.903
111,Nordeste,349.56,378.29,5,1.055
111,Centro-Oeste,811.07,757.83,2,1.119
111,Sudeste,869.19,810.66,5,0.893
111,Sul,347.48,384.21,1,1.119
112,Norte,650.4,908.3,4,1.15
112,Nordeste,327.15,378.29,5,0.44
112,Centro-Oeste,1019.54,757.83,2,1.01
112,Sudeste,586.83,810.66,5,0.851
112,Sul,342.83,384.21,1,0.865
113,Norte,666.92,908.3,4,0.791
113,Nordeste,218.08,378.29,5,0.464
113,Centro-Oeste,610.88,757.83,2,0.909
113,Sudeste,653.16,810.66,5,0.444
113,Sul,276.89,384.21,1,0.991
114,Norte,604.54,908.3,4,1.122
114,Nordeste,191.57,378.29,5,1.064
114,Centro-Oeste,549.68,757.83,2,1.058
114,Sudeste,623.09,810.66,5,1.162
114,Sul,270.03,384.21,1,1.075
115,Norte,412.57,908.3,4,0.714
115,Nordeste,224.36,378.29,5,1.008
115,Centro-Oeste,515.41,757.83,2,0.5
115,Sudeste,485.05,810.66,5,1.072
115,Sul,184.7,384.21,1,1.159
116,Norte,445.67,908.3,4,1.09
116,Nordeste,183.42,378.29,5,0.43
116,Centro-Oeste,360.02,757.83,2,0.839
116,Sudeste,387.23,810.66,5,0.445
116,Sul,292.12,384.21,1,1.335
117,Norte,350.72,908.3,4,0.715
117,Nordeste,149.04,378.29,5,1.157
117,Centro-Oeste,383.65,757.83,2,0.509
117,Sudeste,323.7,810.66,5,0.537
117,Sul,159.66,384.21,1,0.794
118,Norte,313.91,908.3,4,0.873
118,Nordeste,134.76,378.29,5,0.59
118,Centro-Oeste,286.74,757.83,2,0.414
118,Sudeste,368.01,810.66,5,0.551
118,Sul,155.97,384.21,1,0.766
119,Norte,318.78,908.3,4,0.788
119,Nordeste,113.72,378.29,5,0.793
119,Centro-Oeste,304.93,757.83,2,0.468
119,Sudeste,311.9,810.66,5,0.864
119,Sul,145.66,384.21,1,0.818
120,Norte,226.02,908.3,4,0.823
120,Nordeste,122.11,378.29,5,0.975
120,Centro-Oeste,241.89,757.83,2,0.612
120,Sudeste,257.02,810.66,5,0.455
120,Sul,180.39,384.21,1,0.612
121,Norte,292.53,908.3,4,0.853
121,Nordeste,122.89,378.29,5,0.9
121,Centro-Oeste,293.19,757.83,2,0.733
121,Sudeste,246.55,810.66,5,0.527
121,Sul,117.36,384.21,1,1.019
122,Norte,287.49,908.3,4,0.528
122,Nordeste,150.59,378.29,5,0.741
122,Centro-Oeste,259.84,757.83,2,0.826
122,Sudeste,284.67,810.66,5,0.577
122,Sul,204.6,384.21,1,0.83
123,Norte,310.16,908.3,4,0.672
123,Nordeste,171.2,378.29,5,0.472
123,Centro-Oeste,355.21,757.83,2,0.642
123,Sudeste,354.73,810.66,5,0.789
123,Sul,130.99,384.21,1,1.182
124,Norte,592.17,908.3,4,0.631
124,Nordeste,162.75,378.29,5,0.979
124,Centro-Oeste,355.15,757.83,2,0.936
124,Sudeste,438.93,810.66,5,0.939
124,Sul,172.95,384.21,1,0.827
125,Norte,476.41,908.3,4,0.552
125,Nordeste,178.22,378.29,5,0.863
125,Centro-Oeste,511.57,757.83,2,0.949
125,Sudeste,483.73,810.66,5,0.557
125,Sul,227.04,384.21,1,0.758
126,Norte,591.27,908.3,4,1.198
126,Nordeste,230.64,378.29,5,0.877
126,Centro-Oeste,559.38,757.83,2,0.944
126,Sudeste,624.64,810.66,5,0.776
126,Sul,252.07,384.21,1,0.931
127,Norte,547.19,908.3,4,1.016
127,Nordeste,264.22,378.29,5,0.79
127,Centro-Oeste,610.12,757.83,2,0.704
127,Sudeste,660.14,810.66,5,0.435
127,Sul,234.53,384.21,1,0.743
128,Norte,559.65,908.3,4,0.663
128,Nordeste,288.22,378.29,5,0.597
128,Centro-Oeste,677.86,757.83,2,0.537
128,Sudeste,764.95,810.66,5,1.045
128,Sul,326.46,384.21,1,0.676
129,Norte,607.94,908.3,4,0.905
129,Nordeste,324.67,378.29,5,0.764
129,Centro-Oeste,1150.96,757.83,2,1.473
129,Sudeste,716.41,810.66,5,1.183
129,Sul,332.36,384.21,1,0.781
130,Norte,653.92,908.3,4,0.778
130,Nordeste,356.4,378.29,5,0.982
130,Centro-Oeste,806.31,757.83,2,0.495
130,Sudeste,755.07,810.66,5,1.036
130,Sul,396.2,384.21,1,0.769
131,Norte,848.54,908.3,4,0.503
131,Nordeste,345.94,378.29,5,0.772
131,Centro-Oeste,644.38,757.83,2,1.197
131,Sudeste,892.6,810.66,5,1.112
131,Sul,309.46,384.21,1,1.114
132,Norte,884.32,908.3,4,0.748
132,Nordeste,374.9,378.29,5,0.63
132,Centro-Oeste,667.87,757.83,2,0.741
132,Sudeste,797.88,810.66,5,1.038
132,Sul,403.52,384.21,1,0.636
133,Norte,917.7,908.3,4,0.697
133,Nordeste,333.75,378.29,5,0.642
133,Centro-Oeste,824.07,757.83,2,0.41
133,Sudeste,841.22,810.66,5,0.785
133,Sul,343.95,384.21,1,0.895
134,Norte,691.96,908.3,4,0.984
134,Nordeste,321.29,378.29,5,1.156
134,Centro-Oeste,807.52,757.83,2,0.472
134,Sudeste,884.4,810.66,5,0.875
134,Sul,326.31,384.21,1,0.561
135,Norte,704.5,908.3,4,0.73
135,Nordeste,330.26,378.29,5,0.746
135,Centro-Oeste,810.92,757.83,2,0.807
135,Sudeste,795.68,810.66,5,1.084
135,Sul,347.33,384.21,1,0.534
136,Norte,605.07,908.3,4,1.169
136,Nordeste,248.57,378.29,5,0.456
136,Centro-Oeste,645.06,757.83,2,0.793
136,Sudeste,997.36,810.66,5,1.473
136,Sul,321.2,384.21,1,0.684
137,Norte,549.0,908.3,4,0.632
137,Nordeste,269.35,378.29,5,0.726
137,Centro-Oeste,598.68,757.83,2,1.081
137,Sudeste,658.85,810.66,5,1.111
137,Sul,272.46,384.21,1,1.072
138,Norte,618.95,908.3,4,0.703
138,Nordeste,264.48,378.29,5,1.12
138,Centro-Oeste,429.61,757.83,2,0.691
138,Sudeste,473.89,810.66,5,0.836
138,Sul,252.86,384.21,1,0.705
139,Norte,522.53,908.3,4,0.528
139,Nordeste,230.71,378.29,5,0.761
139,Centro-Oeste,392.29,757.83,2,0.467
139,Sudeste,413.44,810.66,5,0.768
139,Sul,228.66,384.21,1,1.09
140,Norte,362.56,908.3,4,1.171
140,Nordeste,190.8,378.29,5,1.044
140,Centro-Oeste,405.14,757.83,2,0.616
140,Sudeste,458.45,810.66,5,0.548
140,Sul,202.11,384.21,1,1.117
141,Norte,326.5,908.3,4,1.102
141,Nordeste,167.95,378.29,5,0.45
141,Centro-Oeste,335.69,757.83,2,1.11
141,Sudeste,370.34,810.66,5,0.547
141,Sul,131.64,384.21,1,0.94
142,Norte,334.95,908.3,4,0.616
142,Nordeste,110.38,378.29,5,0.405
142,Centro-Oeste,326.91,757.83,2,0.948
142,Sudeste,291.02,810.66,5,1.026
142,Sul,155.75,384.21,1,0.459
143,Norte,304.09,908.3,4,1.184
143,Nordeste,114.55,378.29,5,0.858
143,Centro-Oeste,236.64,757.83,2,0.65
143,Sudeste,254.31,810.66,5,1.039
143,Sul,137.76,384.21,1,0.493
144,Norte,295.15,908.3,4,0.624
144,Nordeste,126.25,378.29,5,0.856
144,Centro-Oeste,283.07,757.83,2,1.046
144,Sudeste,255.39,810.66,5,1.161
144,Sul,111.53,384.21,1,0.806
145,Norte,311.84,908.3,4,0.655
145,Nordeste,107.89,378.29,5,1.193
145,Centro-Oeste,413.46,757.83,2,1.268
145,Sudeste,261.36,810.66,5,1.145
145,Sul,145.75,384.21,1,0.839
146,Norte,270.47,908.3,4,1.124
146,Nordeste,140.77,378.29,5,0.808
146,Centro-Oeste,267.14,757.83,2,1.055
146,Sudeste,348.12,810.66,5,0.463
146,Sul,129.44,384.21,1,0.769
147,Norte,314.06,908.3,4,0.685
147,Nordeste,142.15,378.29,5,0.816
147,Centro-Oeste,295.78,757.83,2,1.158
147,Sudeste,328.46,810.66,5,0.616
147,Sul,172.24,384.21,1,0.753
148,Norte,433.81,908.3,4,0.905
148,Nordeste,159.29,378.29,5,0.53
148,Centro-Oeste,385.51,757.83,2,1.12
148,Sudeste,393.19,810.66,5,1.088
148,Sul,163.75,384.21,1,0.835
149,Norte,484.88,908.3,4,0.763
149,Nordeste,230.88,378.29,5,0.983
149,Centro-Oeste,467.36,757.83,2,0.606
149,Sudeste,537.04,810.66,5,0.678
149,Sul,206.47,384.21,1,1.162
150,Norte,595.69,908.3,4,1.052
150,Nordeste,265.67,378.29,5,0.484
150,Centro-Oeste,587.02,757.83,2,0.78
150,Sudeste,579.73,810.66,5,1.06
150,Sul,264.31,384.21,1,0.685
151,Norte,621.17,908.3,4,0.581
151,Nordeste,297.63,378.29,5,0.686
151,Centro-Oeste,674.09,757.83,2,0.514
151,Sudeste,527.22,810.66,5,0.934
151,Sul,293.22,384.21,1,0.768
152,Norte,660.39,908.3,4,1.188
152,Nordeste,293.79,378.29,5,0.476
152,Centro-Oeste,555.47,757.83,2,0.998
152,Sudeste,678.85,810.66,5,0.474
152,Sul,280.78,384.21,1,0.611
153,Norte,749.86,908.3,4,0.478
153,Nordeste,344.83,378.29,5,1.042
153,Centro-Oeste,1268.82,757.83,2,0.972
153,Sudeste,882.11,810.66,5,1.083
153,Sul,292.0,384.21,1,0.495
154,Norte,659.36,908.3,4,1.103
154,Nordeste,325.66,378.29,5,0.827
154,Centro-Oeste,707.83,757.83,2,0.937
154,Sudeste,699.8,810.66,5,0.946
154,Sul,320.0,384.21,1,0.8
155,Norte,797.73,908.3,4,1.197
155,Nordeste,333.45,378.29,5,1.164
155,Centro-Oeste,718.77,757.83,2,0.896
155,Sudeste,731.64,810.66,5,0.625
155,Sul,399.94,384.21,1,0.594
156,Norte,751.33,908.3,4,0.482
156,Nordeste,300.02,378.29,5,0.706
156,Centro-Oeste,673.73,757.83,2,0.405
156,Sudeste,810.29,810.66,5,0.436
156,Sul,393.57,384.21,1,0.646
157,Norte,729.62,908.3,4,0.655
157,Nordeste,287.47,378.29,5,1.174
157,Centro-Oeste,671.59,757.83,2,0.484
157,Sudeste,954.31,810.66,5,0.667
157,Sul,308.22,384.21,1,0.846
158,Norte,758.73,908.3,4,0.925
158,Nordeste,286.75,378.29,5,0.836
158,Centro-Oeste,772.36,757.83,2,0.447
158,Sudeste,805.24,810.66,5,0.847
158,Sul,380.6,384.21,1,0.968
159,Norte,832.8,908.3,4,0.675
159,Nordeste,303.55,378.29,5,1.176
159,Centro-Oeste,581.46,757.83,2,0.84
159,Sudeste,660.02,810.66,5,0.7
159,Sul,377.13,384.21,1,0.963
160,Norte,697.37,908.3,4,0.527
160,Nordeste,261.82,378.29,5,0.671
160,Centro-Oeste,734.05,757.83,2,0.578
160,Sudeste,766.94,810.66,5,1.149
160,Sul,252.54,384.21,1,0.568
161,Norte,578.16,908.3,4,0.991
161,Nordeste,291.49,378.29,5,1.032
161,Centro-Oeste,500.71,757.83,2,0.847
161,Sudeste,709.85,810.66,5,1.032
161,Sul,231.55,384.21,1,0.669
162,Norte,593.08,908.3,4,0.514
162,Nordeste,390.48,378.29,5,0.849
162,Centro-Oeste,466.69,757.83,2,1.156
162,Sudeste,558.04,810.66,5,0.931
162,Sul,246.92,384.21,1,1.049
163,Norte,424.27,908.3,4,1.172
163,Nordeste,210.35,378.29,5,0.745
163,Centro-Oeste,491.27,757.83,2,0.843
163,Sudeste,559.2,810.66,5,0.686
163,Sul,208.38,384.21,1,0.45
164,Norte,636.73,908.3,4,0.734
164,Nordeste,160.73,378.29,5,0.92
164,Centro-Oeste,449.39,757.83,2,0.943
164,Sudeste,357.89,810.66,5,0.97
164,Sul,183.43,384.21,1,0.614
165,Norte,390.55,908.3,4,1.062
165,Nordeste,124.92,378.29,5,1.106
165,Centro-Oeste,359.98,757.83,2,1.035
165,Sudeste,386.21,810.66,5,1.143
165,Sul,157.11,384.21,1,0.413
166,Norte,312.14,908.3,4,0.723
166,Nordeste,116.55,378.29,5,0.685
166,Centro-Oeste,306.89,757.83,2,0.776
166,Sudeste,321.71,810.66,5,0.639
166,Sul,141.05,384.21,1,1.186
167,Norte,299.51,908.3,4,0.444
167,Nordeste,118.28,378.29,5,1.033
167,Centro-Oeste,266.64,757.83,2,0.92
167,Sudeste,438.19,810.66,5,1.186
167,Sul,110.22,384.21,1,0.804
168,Norte,246.86,908.3,4,1.062
168,Nordeste,132.1,378.29,5,0.593
168,Centro-Oeste,278.63,757.83,2,0.651
168,Sudeste,288.67,810.66,5,1.143
168,Sul,101.44,384.21,1,0.575
169,Norte,303.92,908.3,4,1.153
169,Nordeste,106.91,378.29,5,0.729
169,Centro-Oeste,309.01,757.83,2,0.883
169,Sudeste,285.05,810.66,5,0.415
169,Sul,120.25,384.21,1,0.707
170,Norte,280.28,908.3,4,0.469
170,Nordeste,111.93,378.29,5,0.489
170,Centro-Oeste,253.21,757.83,2,0.775
170,Sudeste,325.34,810.66,5,0.931
170,Sul,142.78,384.21,1,0.669
171,Norte,370.99,908.3,4,1.114
171,Nordeste,162.35,378.29,5,0.932
171,Centro-Oeste,293.35,757.83,2,0.75
171,Sudeste,340.39,810.66,5,0.648
171,Sul,168.48,384.21,1,0.619
172,Norte,393.78,908.3,4,0.592
172,Nordeste,161.92,378.29,5,1.168
172,Centro-Oeste,383.39,757.83,2,0.651
172,Sudeste,419.7,810.66,5,1.11
172,Sul,175.6,384.21,1,0.988
173,Norte,495.1,908.3,4,1.097
173,Nordeste,178.06,378.29,5,0.977
173,Centro-Oeste,440.71,757.83,2,0.459
173,Sudeste,481.4,810.66,5,0.83
173,Sul,175.69,384.21,1,1.026
174,Norte,856.88,908.3,4,0.835
174,Nordeste,192.46,378.29,5,0.523
174,Centro-Oeste,567.42,757.83,2,1.062
174,Sudeste,554.26,810.66,5,0.406
174,Sul,283.28,384.21,1,0.534
175,Norte,697.37,908.3,4,0.821
175,Nordeste,235.16,378.29,5,1.075
175,Centro-Oeste,664.26,757.83,2,0.42
175,Sudeste,583.44,810.66,5,0.743
175,Sul,259.16,384.21,1,0.686
176,Norte,673.28,908.3,4,1.062
176,Nordeste,295.77,378.29,5,0.751
176,Centro-Oeste,635.55,757.83,2,0.817
176,Sudeste,671.44,810.66,5,0.745
176,Sul,252.86,384.21,1,0.591
177,Norte,808.88,908.3,4,0.527
177,Nordeste,297.87,378.29,5,1.003
177,Centro-Oeste,719.22,757.83,2,0.466
177,Sudeste,753.95,810.66,5,0.746
177,Sul,349.32,384.21,1,0.802
178,Norte,711.67,908.3,4,1.126
178,Nordeste,326.68,378.29,5,1.178
178,Centro-Oeste,851.24,757.83,2,0.979
178,Sudeste,678.78,810.66,5,1.119
178,Sul,326.62,384.21,1,1.196
179,Norte,711.84,908.3,4,0.624
179,Nordeste,307.72,378.29,5,1.094
179,Centro-Oeste,642.36,757.83,2,1.159
179,Sudeste,926.0,810.66,5,0.928
179,Sul,371.12,384.21,1,0.43
180,Norte,932.45,908.3,4,0.954
180,Nordeste,395.88,378.29,5,0.936
180,Centro-Oeste,702.16,757.83,2,0.629
180,Sudeste,757.25,810.66,5,0.717
180,Sul,420.53,384.21,1,0.885
181,Norte,775.02,908.3,4,0.408
181,Nordeste,301.23,378.29,5,1.139
181,Centro-Oeste,728.18,757.83,2,0.797
181,Sudeste,878.37,810.66,5,0.681
181,Sul,301.11,384.21,1,0.816
182,Norte,699.48,908.3,4,0.691
182,Nordeste,341.32,378.29,5,0.591
182,Centro-Oeste,720.31,757.83,2,0.426
182,Sudeste,736.94,810.66,5,0.759
182,Sul,375.82,384.21,1,0.85
183,Norte,638.52,908.3,4,0.878
183,Nordeste,261.88,378.29,5,0.477
183,Centro-Oeste,755.12,757.83,2,0.489
183,Sudeste,768.55,810.66,5,1.064
183,Sul,275.65,384.21,1,0.615
184,Norte,592.82,908.3,4,0.761
184,Nordeste,326.07,378.29,5,1.002
184,Centro-Oeste,572.72,757.83,2,0.628
184,Sudeste,623.29,810.66,5,1.004
184,Sul,343.15,384.21,1,1.08
185,Norte,689.25,908.3,4,0.468
185,Nordeste,217.07,378.29,5,0.83
185,Centro-Oeste,549.63,757.83,2,0.745
185,Sudeste,648.34,810.66,5,0.981
185,Sul,301.83,384.21,1,0.438
186,Norte,573.74,908.3,4,0.596
186,Nordeste,191.05,378.29,5,0.435
186,Centro-Oeste,571.15,757.83,2,0.695
186,Sudeste,517.47,810.66,5,1.111
186,Sul,206.84,384.21,1,0.687
187,Norte,464.28,908.3,4,0.746
187,Nordeste,201.55,378.29,5,0.615
187,Centro-Oeste,511.82,757.83,2,0.627
187,Sudeste,531.07,810.66,5,1.153
187,Sul,309.6,384.21,1,0.668
188,Norte,414.37,908.3,4,0.552
188,Nordeste,189.93,378.29,5,0.58
188,Centro-Oeste,403.68,757.83,2,0.586
188,Sudeste,769.39,810.66,5,0.6
188,Sul,188.11,384.21,1,0.828
189,Norte,369.69,908.3,4,0.887
189,Nordeste,156.56,378.29,5,0.777
189,Centro-Oeste,339.65,757.83,2,0.556
189,Sudeste,394.68,810.66,5,1.161
189,Sul,183.1,384.21,1,0.641
190,Norte,349.84,908.3,4,0.819
190,Nordeste,125.21,378.29,5,0.994
190,Centro-Oeste,282.35,757.83,2,1.123
190,Sudeste,338.37,810.66,5,0.879
190,Sul,156.88,384.21,1,0.753
191,Norte,312.61,908.3,4,0.892
191,Nordeste,111.48,378.29,5,1.147
191,Centro-Oeste,475.01,757.83,2,0.968
191,Sudeste,276.2,810.66,5,0.495
191,Sul,109.68,384.21,1,1.166
192,Norte,271.81,908.3,4,0.981
192,Nordeste,107.55,378.29,5,1.078
192,Centro-Oeste,256.25,757.83,2,1.011
192,Sudeste,236.52,810.66,5,1.161
192,Sul,116.97,384.21,1,1.168
193,Norte,246.16,908.3,4,0.999
193,Nordeste,114.39,378.29,5,1.09
193,Centro-Oeste,245.19,757.83,2,1.064
193,Sudeste,266.61,810.66,5,0.402
193,Sul,108.91,384.21,1,1.075
194,Norte,291.04,908.3,4,0.526
194,Nordeste,129.34,378.29,5,0.517
194,Centro-Oeste,334.42,757.83,2,0.412
194,Sudeste,303.34,810.66,5,0.83
194,Sul,124.05,384.21,1,0.473
195,Norte,339.86,908.3,4,0.75
195,Nordeste,133.02,378.29,5,0.629
195,Centro-Oeste,297.22,757.83,2,0.551
195,Sudeste,338.33,810.66,5,1.116
195,Sul,141.57,384.21,1,1.155
196,Norte,332.07,908.3,4,1.175
196,Nordeste,168.02,378.29,5,0.716
196,Centro-Oeste,407.37,757.83,2,0.931
196,Sudeste,399.61,810.66,5,1.149
196,Sul,187.32,384.21,1,0.492
197,Norte,430.16,908.3,4,0.747
197,Nordeste,167.86,378.29,5,0.612
197,Centro-Oeste,486.84,757.83,2,0.574
197,Sudeste,486.29,810.66,5,0.819
197,Sul,190.5,384.21,1,0.708
198,Norte,487.16,908.3,4,0.907
198,Nordeste,233.68,378.29,5,0.541
198,Centro-Oeste,540.34,757.83,2,0.682
198,Sudeste,599.39,810.66,5,1.18
198,Sul,234.26,384.21,1,0.719
199,Norte,556.18,908.3,4,0.675
199,Nordeste,288.09,378.29,5,0.665
199,Centro-Oeste,598.29,757.83,2,0.764
199,Sudeste,725.1,810.66,5,1.184
199,Sul,273.82,384.21,1,0.921
200,Norte,589.37,908.3,4,0.908
200,Nordeste,280.71,378.29,5,0.764
200,Centro-Oeste,615.65,757.83,2,0.484
200,Sudeste,612.11,810.66,5,0.78
200,Sul,254.78,384.21,1,0.624
201,Norte,661.22,908.3,4,0.609
201,Nordeste,320.31,378.29,5,0.675
201,Centro-Oeste,619.95,757.83,2,0.69
201,Sudeste,853.07,810.66,5,0.703
201,Sul,382.75,384.21,1,0.716
202,Norte,1138.36,908.3,4,0.562
202,Nordeste,344.04,378.29,5,0.862
202,Centro-Oeste,802.71,757.83,2,0.521
202,Sudeste,780.06,810.66,5,0.889
202,Sul,358.08,384.21,1,1.18
203,Norte,787.35,908.3,4,0.486
203,Nordeste,388.6,378.29,5,0.99
203,Centro-Oeste,768.02,757.83,2,1.128
203,Sudeste,787.04,810.66,5,0.614
203,Sul,362.43,384.21,1,1.021
204,Norte,851.81,908.3,4,0.42
204,Nordeste,348.16,378.29,5,0.709
204,Centro-Oeste,860.71,757.83,2,0.978
204,Sudeste,785.24,810.66,5,0.978
204,Sul,333.69,384.21,1,1.119
205,Norte,866.49,908.3,4,0.634
205,Nordeste,374.15,378.29,5,0.768
205,Centro-Oeste,710.92,757.83,2,1.092
205,Sudeste,855.26,810.66,5,0.649
205,Sul,349.78,384.21,1,1.169
206,Norte,891.14,908.3,4,0.431
206,Nordeste,339.46,378.29,5,0.878
206,Centro-Oeste,623.07,757.83,2,0.733
206,Sudeste,707.97,810.66,5,0.459
206,Sul,307.8,384.21,1,0.42
207,Norte,839.16,908.3,4,0.646
207,Nordeste,362.76,378.29,5,0.56
207,Centro-Oeste,611.43,757.83,2,0.44
207,Sudeste,845.98,810.66,5,0.823
207,Sul,290.75,384.21,1,0.771
208,Norte,600.45,908.3,4,0.895
208,Nordeste,272.91,378.29,5,0.779
208,Centro-Oeste,724.07,757.83,2,0.832
208,Sudeste,795.8,810.66,5,1.102
208,Sul,253.78,384.21,1,1.088
209,Norte,595.06,908.3,4,0.713
209,Nordeste,220.16,378.29,5,0.943
209,Centro-Oeste,606.59,757.83,2,1.143
209,Sudeste,560.66,810.66,5,0.663
209,Sul,262.56,384.21,1,0.416
210,Norte,534.53,908.3,4,0.997
210,Nordeste,243.27,378.29,5,0.655
210,Centro-Oeste,509.97,757.83,2,0.817
210,Sudeste,475.9,810.66,5,0.591
210,Sul,227.56,384.21,1,0.544
211,Norte,468.86,908.3,4,1.015
211,Nordeste,216.44,378.29,5,0.609
211,Centro-Oeste,458.88,757.83,2,0.779
211,Sudeste,517.76,810.66,5,0.779
211,Sul,180.78,384.21,1,0.933
212,Norte,429.5,908.3,4,0.758
212,Nordeste,158.94,378.29,5,0.918
212,Centro-Oeste,424.42,757.83,2,0.461
212,Sudeste,456.82,810.66,5,1.074
212,Sul,205.83,384.21,1,1.11
213,Norte,336.96,908.3,4,0.93
213,Nordeste,148.58,378.29,5,0.571
213,Centro-Oeste,294.26,757.83,2,0.532
213,Sudeste,412.32,810.66,5,0.479
213,Sul,153.23,384.21,1,1.042
214,Norte,350.68,908.3,4,0.633
214,Nordeste,140.76,378.29,5,0.629
214,Centro-Oeste,338.85,757.83,2,0.688
214,Sudeste,322.24,810.66,5,0.57
214,Sul,139.97,384.21,1,0.484
215,Norte,263.99,908.3,4,0.515
215,Nordeste,138.36,378.29,5,0.655
215,Centro-Oeste,243.86,757.83,2,0.895
215,Sudeste,334.93,810.66,5,0.767
215,Sul,122.1,384.21,1,1.045
216,Norte,226.61,908.3,4,0.494
216,Nordeste,101.97,378.29,5,0.926
216,Centro-Oeste,366.31,757.83,2,1.125
216,Sudeste,301.82,810.66,5,0.787
216,Sul,105.86,384.21,1,1.061
217,Norte,317.87,908.3,4,0.632
217,Nordeste,132.93,378.29,5,1.09
217,Centro-Oeste,249.56,757.83,2,0.475
217,Sudeste,277.61,810.66,5,0.489
217,Sul,110.75,384.21,1,0.91
218,Norte,347.28,908.3,4,0.431
218,Nordeste,115.42,378.29,5,1.064
218,Centro-Oeste,257.29,757.83,2,0.746
218,Sudeste,441.82,810.66,5,1.354
218,Sul,122.55,384.21,1,1.149
219,Norte,371.55,908.3,4,0.447
219,Nordeste,143.18,378.29,5,0.888
219,Centro-Oeste,325.94,757.83,2,1.17
219,Sudeste,358.19,810.66,5,0.939
219,Sul,159.75,384.21,1,0.549
