origem,destino,peso,disponivel
6,16,40.98,True
6,5,48.42,True
16,13,45.86,True
5,19,31.2,True
6,3,43.16,True
5,7,64.69,True
3,17,39.83,True
7,8,92.37,True
17,1,55.74,True
8,4,63.75,False
16,11,46.74,True
16,18,36.88,True
4,12,88.15,True
4,10,53.66,True
18,14,19.02,True
18,0,15.13,True
13,9,67.37,False
12,2,52.33,True
2,20,36.09,True
10,15,33.54,True
16,4,59.09,True
0,1,51.5,True
13,10,39.74,True
5,4,30.1,True
19,0,27.76,True
3,18,42.19,True
3,20,31.29,True
0,10,36.65,True
5,3,34.61,True
16,14,32.22,True
17,13,78.94,True
19,10,19.31,True
12,20,58.75,True
4,11,22.3,True
12,19,37.17,False
12,8,86.78,True
6,12,68.64,True
2,8,61.09,True
7,1,7.39,True
4,2,35.84,True
