id,nome,tipo,x,y,pessoas_afetadas,prioridade,demanda,beneficio
0,Centro de Distribuicao,centro,0,0,0,0,0,0
1,Ponto_01,atendimento,34.28,38.58,84,3,3,73
2,Ponto_02,atendimento,2.13,-30.9,408,2,3,72
3,Ponto_03,atendimento,50.16,9.03,463,5,2,99
4,Ponto_04,atendimento,-42.08,15.03,254,5,3,50
5,Ponto_05,atendimento,6.28,1.22,574,1,8,97
6,Ponto_06,atendimento,5.88,27.6,49,5,5,66
7,Ponto_07,atendimento,32.85,-13.21,373,2,12,38
8,Ponto_08,atendimento,3.94,-57.24,42,4,10,92
9,Ponto_09,atendimento,32.05,23.28,761,3,3,52
10,Ponto_10,atendimento,46.38,-35.71,532,4,10,95
11,Ponto_11,atendimento,7.61,19.17,531,5,8,85
12,Ponto_12,atendimento,18.98,-25.03,781,4,8,95
13,Ponto_13,atendimento,16.36,31.15,739,3,3,66
14,Ponto_14,atendimento,-5.64,-9.37,187,5,8,57
15,Ponto_15,atendimento,-6.61,0.43,64,3,11,85
16,Ponto_16,atendimento,-35.79,-19.15,192,5,5,11
17,Ponto_17,atendimento,4.46,-34.39,581,2,8,75
18,Ponto_18,atendimento,-28.69,42.9,381,4,6,94
19,Ponto_19,atendimento,-55.04,-17.12,25,4,10,26
20,Ponto_20,atendimento,-35.63,-4.2,456,1,9,56
